timestamp,latency_p99,error_rate,rps,anomaly_label
2024-02-07T00:00:00,132.91,1.1859,431.8,0
2024-02-07T00:10:00,174.84,1.4967,412.8,0
2024-02-07T00:20:00,119.41,0.8155,342.3,0
2024-02-07T00:30:00,110.48,1.4121,316.7,1
2024-02-07T00:40:00,131.04,0.7003,376.5,0
2024-02-07T00:50:00,114.34,0.4185,326.5,0
2024-02-07T01:00:00,163.27,0.158,612.1,0
2024-02-07T01:10:00,138.93,0.5598,302.7,0
2024-02-07T01:20:00,131.97,0.1805,468.2,0
2024-02-07T01:30:00,139.48,1.8214,497.3,0
2024-02-07T01:40:00,116.92,1.0382,489.9,0
2024-02-07T01:50:00,158.85,0.7726,499.1,1
2024-02-07T02:00:00,143.52,1.6832,549.6,0
2024-02-07T02:10:00,127.64,0.1729,410.8,0
2024-02-07T02:20:00,151.16,0.7574,464.6,0
2024-02-07T02:30:00,107.93,1.8276,426.9,1
2024-02-07T02:40:00,88.4,0.7576,586.9,0
2024-02-07T02:50:00,120.01,2.0549,667.1,0
2024-02-07T03:00:00,151.73,1.2261,338.1,0
2024-02-07T03:10:00,132.85,1.4881,254.8,0
2024-02-07T03:20:00,133.12,1.5045,515.2,0
2024-02-07T03:30:00,107.05,0.8397,565.8,0
2024-02-07T03:40:00,87.11,0.5966,654.9,0
2024-02-07T03:50:00,157.24,0.7849,533.4,0
2024-02-07T04:00:00,123.18,0.351,599.6,0
2024-02-07T04:10:00,115.2,0.8133,626.4,0
2024-02-07T04:20:00,115.88,0.8459,607.3,0
2024-02-07T04:30:00,178.94,1.6946,549.4,1
2024-02-07T04:40:00,146.38,1.1485,333.4,0
2024-02-07T04:50:00,104.8,2.035,461.2,0
2024-02-07T05:00:00,149.55,0.0,492.5,0
2024-02-07T05:10:00,124.97,0.2489,452.9,0
2024-02-07T05:20:00,111.36,0.6816,459.5,0
2024-02-07T05:30:00,118.83,1.6074,620.5,1
2024-02-07T05:40:00,121.65,0.8082,388.5,0
2024-02-07T05:50:00,99.04,0.1309,544.5,0
2024-02-07T06:00:00,171.93,0.7441,496.6,0
2024-02-07T06:10:00,126.26,0.2697,379.7,1
2024-02-07T06:20:00,150.44,0.1736,358.2,0
2024-02-07T06:30:00,134.33,1.8716,296.1,0
2024-02-07T06:40:00,172.17,0.6983,515.2,0
2024-02-07T06:50:00,84.53,0.9625,460.8,1
2024-02-07T07:00:00,108.56,0.8313,384.9,0
2024-02-07T07:10:00,139.85,0.7539,280.3,0
2024-02-07T07:20:00,99.56,0.4612,511.6,0
2024-02-07T07:30:00,134.52,0.728,451.4,0
2024-02-07T07:40:00,98.51,1.0538,397.8,0
2024-02-07T07:50:00,130.01,1.5964,373.2,0
2024-02-07T08:00:00,157.79,1.3626,446.1,0
2024-02-07T08:10:00,145.93,0.2812,517.4,0
2024-02-07T08:20:00,90.0,1.3869,437.8,0
2024-02-07T08:30:00,141.94,1.1322,352.4,0
2024-02-07T08:40:00,166.39,0.5839,465.9,0
2024-02-07T08:50:00,190.65,0.9892,576.6,0
2024-02-07T09:00:00,146.07,1.1861,476.5,0
2024-02-07T09:10:00,100.67,0.9254,479.8,0
2024-02-07T09:20:00,142.41,1.1438,440.8,0
2024-02-07T09:30:00,158.28,0.4741,384.8,0
2024-02-07T09:40:00,124.46,1.9038,381.9,0
2024-02-07T09:50:00,150.29,0.0,308.4,0
2024-02-07T10:00:00,122.57,1.2,617.5,0
2024-02-07T10:10:00,156.41,1.0963,546.1,0
2024-02-07T10:20:00,94.69,1.2363,508.5,1
2024-02-07T10:30:00,122.69,0.5625,530.2,0
2024-02-07T10:40:00,142.97,1.5031,535.1,0
2024-02-07T10:50:00,136.3,0.8664,428.1,0
2024-02-07T11:00:00,113.21,0.3291,491.0,0
2024-02-07T11:10:00,140.51,0.3767,476.6,0
2024-02-07T11:20:00,147.7,0.9883,775.6,1
2024-02-07T11:30:00,137.13,0.1295,626.9,0
2024-02-07T11:40:00,148.14,1.8299,542.2,1
2024-02-07T11:50:00,160.66,1.4559,662.4,0
2024-02-07T12:00:00,152.83,1.8468,666.3,0
2024-02-07T12:10:00,174.55,1.7959,404.8,0
2024-02-07T12:20:00,125.59,0.7611,521.0,0
2024-02-07T12:30:00,197.04,0.5042,542.1,0
2024-02-07T12:40:00,165.88,0.0,605.4,0
2024-02-07T12:50:00,137.24,0.7395,522.3,0
2024-02-07T13:00:00,145.83,1.8273,543.9,1
2024-02-07T13:10:00,149.45,0.5324,508.1,0
2024-02-07T13:20:00,162.34,0.8432,659.6,0
2024-02-07T13:30:00,176.36,0.6727,410.9,0
2024-02-07T13:40:00,122.09,1.1393,513.0,0
2024-02-07T13:50:00,168.3,1.5967,371.8,0
2024-02-07T14:00:00,104.26,0.186,453.7,0
2024-02-07T14:10:00,145.24,0.2835,588.8,1
2024-02-07T14:20:00,180.15,1.7026,591.2,0
2024-02-07T14:30:00,127.2,1.3276,526.8,0
2024-02-07T14:40:00,115.04,0.8333,671.0,0
2024-02-07T14:50:00,167.33,1.8184,694.4,0
2024-02-07T15:00:00,175.93,0.2842,543.9,0
2024-02-07T15:10:00,172.9,1.4341,576.3,0
2024-02-07T15:20:00,111.05,0.9363,506.5,0
2024-02-07T15:30:00,118.54,1.2755,614.9,0
2024-02-07T15:40:00,158.76,0.0,433.3,0
2024-02-07T15:50:00,123.44,0.8456,732.8,0
2024-02-07T16:00:00,151.51,1.3462,651.2,1
2024-02-07T16:10:00,150.91,0.948,417.8,0
2024-02-07T16:20:00,131.51,1.6091,459.3,1
2024-02-07T16:30:00,190.35,1.5942,580.7,0
2024-02-07T16:40:00,152.92,0.5059,505.2,0
2024-02-07T16:50:00,178.99,1.399,594.0,0
2024-02-07T17:00:00,155.67,0.4926,481.8,1
2024-02-07T17:10:00,143.27,1.0177,670.7,0
2024-02-07T17:20:00,140.06,1.3207,519.5,0
2024-02-07T17:30:00,151.39,0.5768,761.1,0
2024-02-07T17:40:00,155.48,1.3898,579.8,0
2024-02-07T17:50:00,135.33,0.7455,385.0,0
2024-02-07T18:00:00,173.68,0.7097,703.6,0
2024-02-07T18:10:00,115.76,1.3552,605.3,0
2024-02-07T18:20:00,141.23,0.5857,533.8,1
2024-02-07T18:30:00,128.94,0.5621,560.9,1
2024-02-07T18:40:00,126.07,1.528,377.8,1
2024-02-07T18:50:00,175.02,1.0635,316.6,0
2024-02-07T19:00:00,121.26,0.2841,493.3,1
2024-02-07T19:10:00,126.36,1.4408,635.8,1
2024-02-07T19:20:00,125.69,0.8115,537.9,0
2024-02-07T19:30:00,131.8,0.3152,669.7,0
2024-02-07T19:40:00,129.76,0.0,631.3,0
2024-02-07T19:50:00,128.09,1.4721,501.6,0
2024-02-07T20:00:00,160.55,0.5923,618.4,0
2024-02-07T20:10:00,145.75,0.4022,652.7,0
2024-02-07T20:20:00,152.5,1.3456,492.8,0
2024-02-07T20:30:00,133.09,1.4307,479.9,0
2024-02-07T20:40:00,142.6,0.6361,515.7,0
2024-02-07T20:50:00,123.37,1.4878,260.9,0
2024-02-07T21:00:00,130.09,2.0608,530.5,0
2024-02-07T21:10:00,119.72,1.7085,575.0,0
2024-02-07T21:20:00,100.1,1.6326,517.8,0
2024-02-07T21:30:00,137.88,1.196,538.2,0
2024-02-07T21:40:00,153.75,0.8189,499.8,1
2024-02-07T21:50:00,125.49,1.0146,304.9,0
2024-02-07T22:00:00,126.91,1.2648,671.3,0
2024-02-07T22:10:00,131.49,0.4175,468.6,0
2024-02-07T22:20:00,181.77,0.6635,444.1,0
2024-02-07T22:30:00,122.34,0.3361,642.0,1
2024-02-07T22:40:00,140.87,1.1694,604.5,0
2024-02-07T22:50:00,137.5,1.0952,534.4,0
2024-02-07T23:00:00,134.86,0.7292,584.4,0
2024-02-07T23:10:00,155.8,1.4677,392.4,0
2024-02-07T23:20:00,169.79,0.537,500.2,0
2024-02-07T23:30:00,154.22,0.7162,638.2,0
2024-02-07T23:40:00,133.89,1.4532,441.5,0
2024-02-07T23:50:00,168.25,1.5292,409.8,0
2024-02-08T00:00:00,173.68,0.6688,517.9,0
2024-02-08T00:10:00,116.17,1.1845,520.6,1
2024-02-08T00:20:00,165.86,0.681,575.6,0
2024-02-08T00:30:00,140.15,0.9736,373.4,1
2024-02-08T00:40:00,139.29,1.146,256.7,1
2024-02-08T00:50:00,136.37,1.3561,604.2,1
2024-02-08T01:00:00,109.08,1.2366,404.2,0
2024-02-08T01:10:00,107.98,1.2162,451.9,1
2024-02-08T01:20:00,167.44,0.5422,295.0,0
2024-02-08T01:30:00,133.01,1.2775,616.0,1
2024-02-08T01:40:00,157.52,1.3607,549.2,0
2024-02-08T01:50:00,121.16,1.4315,545.6,0
2024-02-08T02:00:00,114.09,0.7291,545.3,0
2024-02-08T02:10:00,161.28,1.5485,309.4,0
2024-02-08T02:20:00,131.32,0.434,417.3,0
2024-02-08T02:30:00,153.11,0.879,471.1,0
2024-02-08T02:40:00,171.5,0.9585,441.8,0
2024-02-08T02:50:00,149.27,0.4669,489.9,0
2024-02-08T03:00:00,119.94,0.9546,542.1,0
2024-02-08T03:10:00,136.27,1.2126,618.6,0
2024-02-08T03:20:00,169.52,0.1908,370.3,0
2024-02-08T03:30:00,166.64,0.9082,517.9,0
2024-02-08T03:40:00,115.14,0.2332,590.3,0
2024-02-08T03:50:00,118.54,2.13,427.2,0
2024-02-08T04:00:00,129.26,1.2174,500.7,0
2024-02-08T04:10:00,160.02,1.1759,567.1,0
2024-02-08T04:20:00,140.85,1.2309,522.0,1
2024-02-08T04:30:00,166.65,1.4189,588.7,0
2024-02-08T04:40:00,141.4,1.6076,531.1,1
2024-02-08T04:50:00,143.67,0.3386,490.9,1
2024-02-08T05:00:00,185.53,1.7773,405.2,0
2024-02-08T05:10:00,126.97,1.747,547.6,0
2024-02-08T05:20:00,170.46,1.0928,533.3,0
2024-02-08T05:30:00,165.06,1.0684,424.5,1
2024-02-08T05:40:00,146.31,0.0,582.4,0
2024-02-08T05:50:00,106.72,0.5095,651.4,0
2024-02-08T06:00:00,136.94,1.3928,459.0,0
2024-02-08T06:10:00,127.43,1.7355,452.7,0
2024-02-08T06:20:00,144.56,1.5015,449.4,0
2024-02-08T06:30:00,114.93,1.101,358.4,0
2024-02-08T06:40:00,154.66,2.1037,727.1,0
2024-02-08T06:50:00,155.57,1.6452,482.2,0
2024-02-08T07:00:00,166.18,0.9475,441.7,0
2024-02-08T07:10:00,128.25,2.2374,415.2,0
2024-02-08T07:20:00,114.48,0.6001,489.5,0
2024-02-08T07:30:00,149.9,0.4141,459.2,0
2024-02-08T07:40:00,184.53,0.9413,673.0,0
2024-02-08T07:50:00,137.91,0.7744,404.7,0
2024-02-08T08:00:00,156.6,0.9731,376.1,0
2024-02-08T08:10:00,141.38,1.5565,585.6,0
2024-02-08T08:20:00,128.27,1.1423,520.1,0
2024-02-08T08:30:00,152.67,1.157,509.0,1
2024-02-08T08:40:00,148.25,1.1924,587.6,0
2024-02-08T08:50:00,177.96,0.0087,545.8,0
2024-02-08T09:00:00,158.14,0.409,527.8,0
2024-02-08T09:10:00,151.38,0.9759,392.4,0
2024-02-08T09:20:00,163.51,0.7489,366.5,0
2024-02-08T09:30:00,127.09,1.0563,463.7,0
2024-02-08T09:40:00,121.63,1.8761,425.7,0
2024-02-08T09:50:00,145.36,1.1387,561.5,1
2024-02-08T10:00:00,157.38,0.5167,382.6,0
2024-02-08T10:10:00,133.85,0.7831,518.2,1
2024-02-08T10:20:00,161.1,2.0368,546.0,0
2024-02-08T10:30:00,177.92,1.9496,559.8,0
2024-02-08T10:40:00,176.63,1.4831,604.1,0
2024-02-08T10:50:00,190.47,0.4058,532.0,1
2024-02-08T11:00:00,139.79,1.3423,522.6,0
2024-02-08T11:10:00,137.71,1.3826,714.2,1
2024-02-08T11:20:00,148.94,1.2054,558.2,0
2024-02-08T11:30:00,152.79,0.9094,732.6,0
2024-02-08T11:40:00,158.91,1.015,558.6,1
2024-02-08T11:50:00,142.25,0.8783,590.0,0
2024-02-08T12:00:00,159.71,0.6275,596.3,0
2024-02-08T12:10:00,181.76,1.8848,633.7,1
2024-02-08T12:20:00,133.62,1.6449,569.1,1
2024-02-08T12:30:00,204.25,1.0631,621.2,1
2024-02-08T12:40:00,159.79,1.3835,765.1,0
2024-02-08T12:50:00,187.48,1.4041,717.4,0
2024-02-08T13:00:00,150.1,2.3826,728.2,0
2024-02-08T13:10:00,171.66,1.6492,488.9,1
2024-02-08T13:20:00,163.32,1.6322,505.6,0
2024-02-08T13:30:00,189.28,1.2357,645.8,0
2024-02-08T13:40:00,158.5,1.0013,701.6,1
2024-02-08T13:50:00,195.32,1.9117,573.1,0
2024-02-08T14:00:00,132.53,1.5484,555.7,0
2024-02-08T14:10:00,188.55,0.8093,765.4,0
2024-02-08T14:20:00,171.55,1.4529,695.1,0
2024-02-08T14:30:00,140.75,1.6465,732.7,0
2024-02-08T14:40:00,201.5,0.1817,583.3,1
2024-02-08T14:50:00,197.12,0.7703,575.9,0
2024-02-08T15:00:00,123.89,1.4147,713.5,0
2024-02-08T15:10:00,176.88,0.273,592.8,0
2024-02-08T15:20:00,185.33,0.354,558.5,0
2024-02-08T15:30:00,174.47,1.1037,528.7,0
2024-02-08T15:40:00,195.49,1.4865,569.4,0
2024-02-08T15:50:00,216.95,1.5115,708.5,1
2024-02-08T16:00:00,159.49,2.0356,452.1,0
2024-02-08T16:10:00,201.56,1.2874,666.4,1
2024-02-08T16:20:00,185.1,1.0618,533.1,0
2024-02-08T16:30:00,158.08,0.5963,583.4,0
2024-02-08T16:40:00,149.09,1.0595,590.2,1
2024-02-08T16:50:00,182.21,1.6075,583.2,1
2024-02-08T17:00:00,140.42,1.6319,552.1,1
2024-02-08T17:10:00,149.47,1.3897,536.8,0
2024-02-08T17:20:00,146.43,1.5328,524.6,0
2024-02-08T17:30:00,164.48,1.8993,714.1,0
2024-02-08T17:40:00,150.68,1.3006,585.1,0
2024-02-08T17:50:00,129.26,1.9485,570.4,0
2024-02-08T18:00:00,168.22,0.9033,490.5,0
2024-02-08T18:10:00,144.2,1.2319,514.6,1
2024-02-08T18:20:00,188.46,1.03,491.7,0
2024-02-08T18:30:00,149.01,1.6686,632.8,1
2024-02-08T18:40:00,171.68,0.7668,481.3,0
2024-02-08T18:50:00,157.45,1.115,332.5,1
2024-02-08T19:00:00,167.8,0.3479,563.3,0
2024-02-08T19:10:00,164.63,1.5768,530.0,0
2024-02-08T19:20:00,148.78,1.9049,499.8,0
2024-02-08T19:30:00,166.79,1.7387,649.9,0
2024-02-08T19:40:00,192.64,1.6915,285.8,0
2024-02-08T19:50:00,140.07,1.7067,717.2,0
2024-02-08T20:00:00,163.29,1.6387,665.5,0
2024-02-08T20:10:00,149.26,1.5979,497.6,0
2024-02-08T20:20:00,159.6,1.632,515.8,1
2024-02-08T20:30:00,151.49,0.9666,611.7,0
2024-02-08T20:40:00,100.8,1.1962,614.8,0
2024-02-08T20:50:00,147.04,1.3333,498.7,1
2024-02-08T21:00:00,173.87,1.1321,400.8,0
2024-02-08T21:10:00,130.43,0.5187,774.3,1
2024-02-08T21:20:00,165.28,0.6862,658.9,0
2024-02-08T21:30:00,161.37,1.4205,579.4,0
2024-02-08T21:40:00,149.71,1.7603,581.7,1
2024-02-08T21:50:00,193.94,1.3139,626.7,1
2024-02-08T22:00:00,168.5,2.6935,639.1,0
2024-02-08T22:10:00,151.62,0.8531,356.8,0
2024-02-08T22:20:00,164.79,1.5373,530.7,1
2024-02-08T22:30:00,158.18,1.9623,520.8,0
2024-02-08T22:40:00,111.16,1.8514,550.5,0
2024-02-08T22:50:00,136.92,1.6479,644.2,1
2024-02-08T23:00:00,110.67,1.8573,388.5,0
2024-02-08T23:10:00,165.78,1.3518,433.0,1
2024-02-08T23:20:00,171.96,2.1574,500.2,0
2024-02-08T23:30:00,166.09,1.9694,584.2,0
2024-02-08T23:40:00,157.04,0.9035,652.4,0
2024-02-08T23:50:00,163.45,1.4923,732.7,0
2024-02-09T00:00:00,124.86,0.5597,541.4,0
2024-02-09T00:10:00,142.81,2.0961,653.5,0
2024-02-09T00:20:00,123.07,1.4492,641.8,0
2024-02-09T00:30:00,140.18,2.0133,625.4,0
2024-02-09T00:40:00,191.66,1.2861,569.2,1
2024-02-09T00:50:00,168.15,0.4145,532.1,0
2024-02-09T01:00:00,171.1,2.6631,466.0,1
2024-02-09T01:10:00,143.56,1.4118,459.8,0
2024-02-09T01:20:00,139.49,0.848,608.0,0
2024-02-09T01:30:00,152.98,1.9229,568.3,0
2024-02-09T01:40:00,170.33,2.3698,532.6,0
2024-02-09T01:50:00,153.25,1.2525,641.1,0
2024-02-09T02:00:00,115.82,1.3059,555.0,0
2024-02-09T02:10:00,148.04,1.4764,484.1,0
2024-02-09T02:20:00,115.69,0.8038,549.2,0
2024-02-09T02:30:00,169.21,1.0158,658.3,1
2024-02-09T02:40:00,136.16,2.2539,474.3,1
2024-02-09T02:50:00,122.95,1.2987,598.0,0
2024-02-09T03:00:00,163.56,0.9479,572.0,0
2024-02-09T03:10:00,191.05,1.1425,501.8,1
2024-02-09T03:20:00,163.89,1.9068,549.0,0
2024-02-09T03:30:00,199.91,0.3843,421.6,0
2024-02-09T03:40:00,161.34,1.5014,590.1,0
2024-02-09T03:50:00,135.51,2.607,443.1,1
2024-02-09T04:00:00,159.98,2.3933,687.2,0
2024-02-09T04:10:00,162.45,1.6662,571.2,0
2024-02-09T04:20:00,177.95,2.0397,523.7,0
2024-02-09T04:30:00,154.89,2.0367,697.3,0
2024-02-09T04:40:00,154.38,1.3223,478.5,0
2024-02-09T04:50:00,130.45,1.8494,507.3,1
2024-02-09T05:00:00,156.93,2.2832,399.6,0
2024-02-09T05:10:00,153.69,0.7589,713.9,0
2024-02-09T05:20:00,129.95,1.6809,770.6,0
2024-02-09T05:30:00,146.34,1.5752,416.4,0
2024-02-09T05:40:00,160.45,1.4479,502.6,0
2024-02-09T05:50:00,161.3,1.4055,591.6,0
2024-02-09T06:00:00,118.96,1.5158,533.4,0
2024-02-09T06:10:00,143.01,1.5596,582.3,1
2024-02-09T06:20:00,153.82,1.963,574.1,1
2024-02-09T06:30:00,154.14,1.6438,627.0,0
2024-02-09T06:40:00,151.3,1.3185,490.6,0
2024-02-09T06:50:00,144.53,0.9893,606.3,0
2024-02-09T07:00:00,139.07,1.1749,475.9,0
2024-02-09T07:10:00,154.01,1.5435,546.7,1
2024-02-09T07:20:00,173.25,1.0618,414.7,1
2024-02-09T07:30:00,159.02,1.8896,548.3,1
2024-02-09T07:40:00,178.57,1.6335,531.9,0
2024-02-09T07:50:00,177.28,1.9921,683.9,0
2024-02-09T08:00:00,191.84,1.1028,584.1,1
2024-02-09T08:10:00,196.62,1.0085,602.7,0
2024-02-09T08:20:00,179.45,1.994,588.6,0
2024-02-09T08:30:00,132.99,1.4928,378.3,0
2024-02-09T08:40:00,174.46,1.3284,392.0,0
2024-02-09T08:50:00,173.47,1.7808,560.2,0
2024-02-09T09:00:00,186.37,1.7641,620.4,1
2024-02-09T09:10:00,150.29,0.8073,569.4,0
2024-02-09T09:20:00,163.98,2.1294,506.9,0
2024-02-09T09:30:00,160.68,1.2337,569.7,0
2024-02-09T09:40:00,213.25,2.2907,561.5,0
2024-02-09T09:50:00,124.15,0.7758,672.5,1
2024-02-09T10:00:00,141.85,1.6031,697.8,0
2024-02-09T10:10:00,125.83,1.3535,570.6,1
2024-02-09T10:20:00,172.42,0.4605,621.4,1
2024-02-09T10:30:00,203.01,1.7791,654.5,1
2024-02-09T10:40:00,168.33,0.4899,669.7,0
2024-02-09T10:50:00,185.07,1.3079,793.0,0
2024-02-09T11:00:00,209.52,2.0077,652.3,1
2024-02-09T11:10:00,179.5,1.1924,772.4,1
2024-02-09T11:20:00,185.62,1.0074,540.0,0
2024-02-09T11:30:00,173.49,1.8613,592.7,0
2024-02-09T11:40:00,156.44,1.3382,443.4,1
2024-02-09T11:50:00,164.2,1.2623,672.5,1
2024-02-09T12:00:00,192.23,2.1042,742.7,0
2024-02-09T12:10:00,190.69,0.8849,422.9,0
2024-02-09T12:20:00,197.44,1.2406,697.7,0
2024-02-09T12:30:00,205.41,1.9054,739.8,0
2024-02-09T12:40:00,184.07,0.8581,734.5,0
2024-02-09T12:50:00,191.43,2.3636,560.7,1
2024-02-09T13:00:00,169.27,1.3694,768.8,1
2024-02-09T13:10:00,171.68,1.9169,692.9,0
2024-02-09T13:20:00,172.75,1.9177,751.6,1
2024-02-09T13:30:00,157.51,1.4072,680.4,0
2024-02-09T13:40:00,196.88,1.2457,731.5,0
2024-02-09T13:50:00,196.24,1.4656,804.8,1
2024-02-09T14:00:00,169.36,1.8452,674.0,0
2024-02-09T14:10:00,186.81,0.9975,723.3,0
2024-02-09T14:20:00,166.71,0.891,820.3,1
2024-02-09T14:30:00,156.24,2.2365,682.5,0
2024-02-09T14:40:00,218.16,1.1289,583.7,1
2024-02-09T14:50:00,155.8,1.6752,764.4,1
2024-02-09T15:00:00,147.08,1.3989,829.9,0
2024-02-09T15:10:00,185.25,1.4229,815.8,0
2024-02-09T15:20:00,182.14,2.2189,758.9,0
2024-02-09T15:30:00,185.25,1.463,453.4,0
2024-02-09T15:40:00,215.15,1.329,624.7,0
2024-02-09T15:50:00,163.47,1.3744,630.3,0
2024-02-09T16:00:00,158.33,1.2594,673.3,0
2024-02-09T16:10:00,221.99,1.1779,838.1,1
2024-02-09T16:20:00,198.78,1.2651,561.7,0
2024-02-09T16:30:00,200.75,2.3483,894.4,0
2024-02-09T16:40:00,166.29,1.8743,632.4,0
2024-02-09T16:50:00,195.17,1.3478,594.4,0
2024-02-09T17:00:00,184.38,2.0131,728.4,0
2024-02-09T17:10:00,172.64,0.7305,736.8,0
2024-02-09T17:20:00,152.89,2.2138,709.8,0
2024-02-09T17:30:00,165.72,2.1754,568.3,0
2024-02-09T17:40:00,195.73,2.6478,695.9,1
2024-02-09T17:50:00,153.51,2.0373,542.8,1
2024-02-09T18:00:00,140.61,1.752,535.3,0
2024-02-09T18:10:00,143.65,2.1808,605.9,0
2024-02-09T18:20:00,153.23,1.2241,533.8,0
2024-02-09T18:30:00,154.13,1.3412,721.5,0
2024-02-09T18:40:00,175.91,1.5086,558.8,0
2024-02-09T18:50:00,170.32,2.227,595.0,0
2024-02-09T19:00:00,170.61,1.1165,529.5,0
2024-02-09T19:10:00,159.18,1.0653,721.7,0
2024-02-09T19:20:00,177.58,1.6664,551.7,0
2024-02-09T19:30:00,122.58,1.9088,733.0,0
2024-02-09T19:40:00,191.24,1.2003,726.0,0
2024-02-09T19:50:00,139.36,1.8889,575.0,0
2024-02-09T20:00:00,153.92,2.2398,623.0,0
2024-02-09T20:10:00,170.26,2.1576,573.0,0
2024-02-09T20:20:00,161.74,1.7359,675.4,0
2024-02-09T20:30:00,172.51,1.5158,601.8,0
2024-02-09T20:40:00,168.61,2.4308,579.9,0
2024-02-09T20:50:00,161.18,1.5725,626.7,0
2024-02-09T21:00:00,194.53,2.0368,464.3,1
2024-02-09T21:10:00,175.08,2.5477,615.3,1
2024-02-09T21:20:00,164.38,1.988,688.3,1
2024-02-09T21:30:00,173.12,1.0737,637.6,0
2024-02-09T21:40:00,141.21,0.9546,719.3,0
2024-02-09T21:50:00,201.52,1.4271,586.9,0
2024-02-09T22:00:00,140.31,1.9325,579.1,1
2024-02-09T22:10:00,165.62,1.802,513.7,0
2024-02-09T22:20:00,163.46,2.685,585.3,1
2024-02-09T22:30:00,149.7,1.8009,822.8,0
2024-02-09T22:40:00,162.91,1.4215,654.2,0
2024-02-09T22:50:00,144.03,1.0204,568.5,1
2024-02-09T23:00:00,182.35,2.1791,526.9,0
2024-02-09T23:10:00,138.46,1.5877,468.1,1
2024-02-09T23:20:00,199.61,0.8395,545.3,0
2024-02-09T23:30:00,172.5,1.6056,704.7,0
2024-02-09T23:40:00,156.32,1.0984,586.5,0
2024-02-09T23:50:00,185.85,1.3853,533.8,0
2024-02-10T00:00:00,153.17,1.6031,545.2,0
2024-02-10T00:10:00,138.79,1.1474,694.9,1
2024-02-10T00:20:00,138.35,1.3562,621.9,0
2024-02-10T00:30:00,178.9,1.2279,567.3,0
2024-02-10T00:40:00,183.99,1.2414,599.2,0
2024-02-10T00:50:00,168.16,1.096,850.6,0
2024-02-10T01:00:00,177.3,1.3586,752.0,0
2024-02-10T01:10:00,173.78,1.1527,776.9,1
2024-02-10T01:20:00,157.2,1.8933,454.8,0
2024-02-10T01:30:00,126.33,1.7004,614.9,0
2024-02-10T01:40:00,159.65,2.1974,565.5,0
2024-02-10T01:50:00,166.61,2.5434,684.4,1
2024-02-10T02:00:00,164.02,1.9387,736.0,1
2024-02-10T02:10:00,206.41,1.8248,662.6,0
2024-02-10T02:20:00,137.2,1.9702,542.8,0
2024-02-10T02:30:00,147.65,1.8333,563.9,1
2024-02-10T02:40:00,159.22,1.6251,692.1,0
2024-02-10T02:50:00,175.5,1.5853,702.0,1
2024-02-10T03:00:00,129.0,1.0892,644.1,1
2024-02-10T03:10:00,168.68,2.0195,643.0,1
2024-02-10T03:20:00,161.0,1.5844,635.0,0
2024-02-10T03:30:00,115.44,2.3248,656.9,1
2024-02-10T03:40:00,171.29,2.0576,701.6,0
2024-02-10T03:50:00,162.92,1.287,693.0,0
2024-02-10T04:00:00,150.21,2.2233,632.4,0
2024-02-10T04:10:00,138.9,0.3196,625.1,0
2024-02-10T04:20:00,175.34,2.5651,621.3,0
2024-02-10T04:30:00,197.23,0.9308,552.0,0
2024-02-10T04:40:00,163.88,1.8476,550.7,0
2024-02-10T04:50:00,114.31,1.8137,684.4,0
2024-02-10T05:00:00,167.84,2.1619,558.7,0
2024-02-10T05:10:00,157.27,1.4357,711.4,0
2024-02-10T05:20:00,135.28,0.5272,624.9,0
2024-02-10T05:30:00,180.22,1.4364,712.0,0
2024-02-10T05:40:00,173.95,1.4904,693.7,1
2024-02-10T05:50:00,142.85,0.5754,714.3,0
2024-02-10T06:00:00,124.1,1.6227,582.4,0
2024-02-10T06:10:00,127.71,1.0621,670.9,1
2024-02-10T06:20:00,143.83,1.9245,703.8,1
2024-02-10T06:30:00,153.56,1.477,474.9,0
2024-02-10T06:40:00,145.78,2.5805,800.2,1
2024-02-10T06:50:00,142.4,1.4719,856.6,0
2024-02-10T07:00:00,171.81,1.8152,724.7,0
2024-02-10T07:10:00,167.68,1.4935,710.6,1
2024-02-10T07:20:00,176.9,0.7884,688.9,0
2024-02-10T07:30:00,174.68,1.4976,597.7,0
2024-02-10T07:40:00,147.52,1.9767,619.0,0
2024-02-10T07:50:00,151.56,1.901,726.4,0
2024-02-10T08:00:00,151.45,1.4534,532.7,0
2024-02-10T08:10:00,153.01,0.8716,523.9,0
2024-02-10T08:20:00,138.12,1.9222,590.3,0
2024-02-10T08:30:00,152.66,1.8097,695.6,0
2024-02-10T08:40:00,180.23,2.0217,543.4,1
2024-02-10T08:50:00,173.08,1.4629,607.5,1
2024-02-10T09:00:00,166.93,0.7578,619.3,0
2024-02-10T09:10:00,159.44,1.8669,528.8,1
2024-02-10T09:20:00,193.66,1.5954,386.0,0
2024-02-10T09:30:00,139.2,2.2958,527.3,0
2024-02-10T09:40:00,137.7,1.6144,656.1,0
2024-02-10T09:50:00,181.29,1.5773,678.6,1
2024-02-10T10:00:00,169.45,1.8086,711.8,0
2024-02-10T10:10:00,154.48,1.3015,723.3,0
2024-02-10T10:20:00,180.82,1.2774,599.7,1
2024-02-10T10:30:00,155.84,1.5511,578.3,1
2024-02-10T10:40:00,172.72,1.1398,699.8,0
2024-02-10T10:50:00,160.69,1.4855,641.1,0
2024-02-10T11:00:00,185.33,2.5698,781.5,0
2024-02-10T11:10:00,186.95,2.1213,728.9,0
2024-02-10T11:20:00,233.33,1.754,819.1,0
2024-02-10T11:30:00,169.33,2.3758,644.2,0
2024-02-10T11:40:00,165.39,1.1876,797.5,0
2024-02-10T11:50:00,204.45,2.8452,894.2,1
2024-02-10T12:00:00,201.29,1.3697,717.2,0
2024-02-10T12:10:00,190.42,2.6019,761.8,1
2024-02-10T12:20:00,145.41,2.5997,618.8,1
2024-02-10T12:30:00,179.72,0.7234,801.2,0
2024-02-10T12:40:00,165.11,2.3335,824.7,0
2024-02-10T12:50:00,188.76,1.458,662.4,0
2024-02-10T13:00:00,175.1,1.316,781.7,0
2024-02-10T13:10:00,212.68,1.8623,751.1,1
2024-02-10T13:20:00,150.89,1.096,762.1,0
2024-02-10T13:30:00,156.92,1.851,804.3,0
2024-02-10T13:40:00,193.44,1.1296,775.0,0
2024-02-10T13:50:00,195.83,1.6885,709.2,0
2024-02-10T14:00:00,134.87,2.2677,806.4,0
2024-02-10T14:10:00,150.06,1.7933,834.2,0
2024-02-10T14:20:00,193.91,1.4201,667.6,0
2024-02-10T14:30:00,214.9,1.8707,722.9,1
2024-02-10T14:40:00,241.42,0.8968,546.2,1
2024-02-10T14:50:00,170.97,1.1806,781.4,0
2024-02-10T15:00:00,181.12,1.3849,834.2,0
2024-02-10T15:10:00,159.53,1.9934,686.1,0
2024-02-10T15:20:00,191.51,1.8029,725.2,0
2024-02-10T15:30:00,217.26,1.8676,689.8,1
2024-02-10T15:40:00,224.17,1.5863,673.4,1
2024-02-10T15:50:00,188.03,1.206,735.1,1
2024-02-10T16:00:00,194.91,2.3441,612.3,1
2024-02-10T16:10:00,181.98,1.2511,667.2,0
2024-02-10T16:20:00,216.3,1.8095,600.3,1
2024-02-10T16:30:00,172.94,1.5439,749.7,0
2024-02-10T16:40:00,166.6,1.8815,714.7,1
2024-02-10T16:50:00,184.08,1.2973,647.6,0
2024-02-10T17:00:00,167.66,2.1263,666.0,0
2024-02-10T17:10:00,136.25,2.2891,640.2,0
2024-02-10T17:20:00,171.55,2.0957,776.7,0
2024-02-10T17:30:00,179.66,1.6788,618.2,0
2024-02-10T17:40:00,204.28,1.3824,725.8,0
2024-02-10T17:50:00,139.51,3.0111,591.8,1
2024-02-10T18:00:00,178.54,1.1042,711.4,0
2024-02-10T18:10:00,176.77,2.0406,733.7,0
2024-02-10T18:20:00,178.53,1.7664,738.5,0
2024-02-10T18:30:00,148.79,1.5687,777.1,0
2024-02-10T18:40:00,140.83,1.6926,659.2,0
2024-02-10T18:50:00,158.49,1.3449,753.8,0
2024-02-10T19:00:00,175.38,1.8135,792.4,0
2024-02-10T19:10:00,145.08,1.7584,517.8,0
2024-02-10T19:20:00,188.63,2.9388,569.7,1
2024-02-10T19:30:00,149.23,2.1354,480.4,1
2024-02-10T19:40:00,118.7,1.8579,736.1,1
2024-02-10T19:50:00,157.4,1.8878,479.1,1
2024-02-10T20:00:00,166.48,2.5198,452.0,1
2024-02-10T20:10:00,182.66,1.1148,520.3,0
2024-02-10T20:20:00,187.05,1.5086,456.2,1
2024-02-10T20:30:00,201.62,0.6464,657.2,0
2024-02-10T20:40:00,143.31,1.8794,521.5,1
2024-02-10T20:50:00,148.63,2.0241,461.0,0
2024-02-10T21:00:00,211.63,1.1022,625.8,1
2024-02-10T21:10:00,118.66,2.3175,631.7,0
2024-02-10T21:20:00,157.58,1.2406,443.0,0
2024-02-10T21:30:00,188.0,1.4288,558.6,0
2024-02-10T21:40:00,184.89,1.6598,622.5,1
2024-02-10T21:50:00,181.69,2.3971,594.3,0
2024-02-10T22:00:00,180.51,1.1709,597.1,0
2024-02-10T22:10:00,144.91,1.7456,747.9,0
2024-02-10T22:20:00,207.95,1.9874,844.7,0
2024-02-10T22:30:00,146.04,1.8842,598.7,0
2024-02-10T22:40:00,135.4,1.9027,497.8,0
2024-02-10T22:50:00,181.39,1.9808,606.5,0
2024-02-10T23:00:00,158.95,1.3226,649.4,1
2024-02-10T23:10:00,160.85,2.4439,624.7,0
2024-02-10T23:20:00,185.42,1.5444,691.1,0
2024-02-10T23:30:00,197.62,1.4781,851.2,0
2024-02-10T23:40:00,173.25,2.2738,458.7,1
2024-02-10T23:50:00,144.78,1.2847,579.3,1
2024-02-11T00:00:00,197.95,1.7601,784.1,1
2024-02-11T00:10:00,142.69,1.2386,577.8,0
2024-02-11T00:20:00,180.52,2.8596,708.9,0
2024-02-11T00:30:00,164.7,2.7543,693.1,1
2024-02-11T00:40:00,171.1,1.5449,753.7,0
2024-02-11T00:50:00,122.77,1.8599,821.3,0
2024-02-11T01:00:00,111.45,1.6026,663.3,0
2024-02-11T01:10:00,135.87,1.4257,455.4,0
2024-02-11T01:20:00,191.97,1.6598,560.0,0
2024-02-11T01:30:00,136.8,1.5797,848.6,0
2024-02-11T01:40:00,184.01,0.8397,488.6,1
2024-02-11T01:50:00,148.9,1.7315,679.7,0
2024-02-11T02:00:00,153.19,1.5789,378.5,0
2024-02-11T02:10:00,157.53,1.7561,494.9,0
2024-02-11T02:20:00,195.04,1.5612,718.7,0
2024-02-11T02:30:00,177.26,1.4198,633.6,0
2024-02-11T02:40:00,167.49,2.0375,592.4,1
2024-02-11T02:50:00,216.72,1.8666,548.6,1
2024-02-11T03:00:00,151.2,2.298,430.3,0
2024-02-11T03:10:00,187.97,1.8474,699.3,0
2024-02-11T03:20:00,186.52,1.5012,601.7,0
2024-02-11T03:30:00,184.64,1.9084,477.8,0
2024-02-11T03:40:00,154.59,0.6097,633.0,1
2024-02-11T03:50:00,156.54,2.6518,688.1,1
2024-02-11T04:00:00,158.32,1.7372,609.9,1
2024-02-11T04:10:00,155.72,2.6922,641.6,0
2024-02-11T04:20:00,138.29,1.1653,633.8,0
2024-02-11T04:30:00,165.33,1.0412,559.3,1
2024-02-11T04:40:00,151.7,1.7829,635.4,0
2024-02-11T04:50:00,179.98,1.7813,703.5,1
2024-02-11T05:00:00,168.51,1.7691,733.5,0
2024-02-11T05:10:00,139.34,1.6929,709.1,0
2024-02-11T05:20:00,151.66,1.2859,562.5,1
2024-02-11T05:30:00,155.75,0.8573,693.6,0
2024-02-11T05:40:00,146.03,1.7416,676.5,1
2024-02-11T05:50:00,141.09,0.9587,559.0,0
2024-02-11T06:00:00,203.16,0.9115,583.6,1
2024-02-11T06:10:00,138.35,1.4097,698.0,0
2024-02-11T06:20:00,203.86,1.8153,767.7,1
2024-02-11T06:30:00,162.78,2.5939,448.8,1
2024-02-11T06:40:00,178.1,2.0896,794.0,0
2024-02-11T06:50:00,174.44,2.3166,746.4,0
2024-02-11T07:00:00,184.11,1.9268,649.9,1
2024-02-11T07:10:00,198.07,1.7834,605.9,0
2024-02-11T07:20:00,143.92,2.8529,669.0,0
2024-02-11T07:30:00,186.6,0.9386,565.9,1
2024-02-11T07:40:00,147.35,1.3934,612.2,0
2024-02-11T07:50:00,122.38,1.4324,482.5,0
2024-02-11T08:00:00,149.31,2.0468,455.8,0
2024-02-11T08:10:00,201.15,1.1106,863.2,0
2024-02-11T08:20:00,165.82,1.9817,636.3,1
2024-02-11T08:30:00,206.05,1.8898,650.4,1
2024-02-11T08:40:00,199.83,2.0067,626.9,0
2024-02-11T08:50:00,219.69,1.9976,547.2,1
2024-02-11T09:00:00,195.03,2.3692,599.3,1
2024-02-11T09:10:00,203.97,1.5754,639.1,1
2024-02-11T09:20:00,168.53,1.8651,610.3,0
2024-02-11T09:30:00,164.81,1.2317,554.8,0
2024-02-11T09:40:00,163.31,1.1176,677.9,0
2024-02-11T09:50:00,159.47,2.4824,648.8,0
2024-02-11T10:00:00,173.31,1.1939,701.6,0
2024-02-11T10:10:00,181.84,1.9207,732.8,0
2024-02-11T10:20:00,163.27,1.8655,645.3,0
2024-02-11T10:30:00,155.04,2.1875,645.4,0
2024-02-11T10:40:00,200.88,0.7709,810.6,1
2024-02-11T10:50:00,150.98,2.0456,567.9,1
2024-02-11T11:00:00,181.02,1.571,503.4,0
2024-02-11T11:10:00,170.45,1.3,746.3,0
2024-02-11T11:20:00,181.46,1.4746,627.8,0
2024-02-11T11:30:00,208.56,2.1184,583.0,0
2024-02-11T11:40:00,185.6,1.9656,779.3,0
2024-02-11T11:50:00,221.37,1.536,676.3,1
2024-02-11T12:00:00,188.76,1.0304,585.5,1
2024-02-11T12:10:00,175.63,1.0657,905.3,0
2024-02-11T12:20:00,179.76,1.9765,550.8,1
2024-02-11T12:30:00,161.25,0.9611,703.2,1
2024-02-11T12:40:00,188.92,1.5409,522.9,0
2024-02-11T12:50:00,193.92,2.9405,738.9,1
2024-02-11T13:00:00,201.55,1.8298,659.0,1
2024-02-11T13:10:00,172.47,1.9711,805.0,0
2024-02-11T13:20:00,148.99,1.0695,721.3,0
2024-02-11T13:30:00,183.94,0.9863,858.1,0
2024-02-11T13:40:00,211.33,1.9979,680.1,0
2024-02-11T13:50:00,189.93,1.4588,562.6,0
2024-02-11T14:00:00,168.56,2.1868,746.8,0
2024-02-11T14:10:00,161.5,1.6716,697.8,0
2024-02-11T14:20:00,180.71,3.3782,541.1,1
2024-02-11T14:30:00,165.15,1.3638,617.5,0
2024-02-11T14:40:00,202.95,1.7946,649.4,1
2024-02-11T14:50:00,212.91,1.2029,878.6,0
2024-02-11T15:00:00,162.3,2.166,782.6,0
2024-02-11T15:10:00,200.3,1.8703,677.1,1
2024-02-11T15:20:00,196.29,1.1694,758.9,1
2024-02-11T15:30:00,157.01,1.4914,507.9,0
2024-02-11T15:40:00,181.87,2.3359,655.3,0
2024-02-11T15:50:00,185.96,2.2759,751.9,0
2024-02-11T16:00:00,186.35,0.9428,707.3,0
2024-02-11T16:10:00,149.73,1.417,636.8,0
2024-02-11T16:20:00,174.94,2.5607,686.9,1
2024-02-11T16:30:00,191.96,1.5664,724.6,1
2024-02-11T16:40:00,204.19,1.7417,689.8,1
2024-02-11T16:50:00,167.62,2.1635,776.8,0
2024-02-11T17:00:00,156.98,0.9839,694.2,0
2024-02-11T17:10:00,194.03,1.1802,713.4,1
2024-02-11T17:20:00,176.48,1.4882,833.7,0
2024-02-11T17:30:00,166.2,2.2523,745.1,1
2024-02-11T17:40:00,181.49,2.1599,836.4,1
2024-02-11T17:50:00,153.84,2.0099,595.1,0
2024-02-11T18:00:00,165.69,1.5804,470.8,0
2024-02-11T18:10:00,146.2,2.2148,616.0,0
2024-02-11T18:20:00,153.56,1.5737,607.4,0
2024-02-11T18:30:00,198.35,1.939,775.9,0
2024-02-11T18:40:00,130.17,2.106,517.0,1
2024-02-11T18:50:00,150.91,2.4984,622.1,0
2024-02-11T19:00:00,144.12,1.6218,670.5,1
2024-02-11T19:10:00,186.49,1.4687,640.0,0
2024-02-11T19:20:00,228.66,2.2975,612.8,1
2024-02-11T19:30:00,161.2,2.3359,665.9,1
2024-02-11T19:40:00,167.0,1.3783,737.9,0
2024-02-11T19:50:00,188.78,1.0975,783.6,1
2024-02-11T20:00:00,164.56,2.2595,633.3,0
2024-02-11T20:10:00,181.79,0.8291,548.4,0
2024-02-11T20:20:00,183.47,0.8036,783.5,0
2024-02-11T20:30:00,110.01,1.5159,522.2,0
2024-02-11T20:40:00,156.13,1.6512,809.1,1
2024-02-11T20:50:00,150.88,1.07,764.4,0
2024-02-11T21:00:00,143.88,1.7109,778.9,1
2024-02-11T21:10:00,186.18,1.7332,698.5,0
2024-02-11T21:20:00,148.53,1.3598,418.8,0
2024-02-11T21:30:00,195.24,2.6167,526.1,0
2024-02-11T21:40:00,132.6,1.8149,660.7,0
2024-02-11T21:50:00,145.73,2.1642,562.4,0
2024-02-11T22:00:00,172.46,0.8719,598.5,0
2024-02-11T22:10:00,170.63,0.8676,691.3,1
2024-02-11T22:20:00,162.37,1.83,613.0,1
2024-02-11T22:30:00,164.34,2.5274,508.1,1
2024-02-11T22:40:00,175.87,1.095,718.6,0
2024-02-11T22:50:00,187.9,1.6717,681.5,1
2024-02-11T23:00:00,165.86,0.9825,605.1,0
2024-02-11T23:10:00,174.03,1.2407,701.1,0
2024-02-11T23:20:00,200.86,1.6966,639.5,1
2024-02-11T23:30:00,163.36,1.3537,763.1,0
2024-02-11T23:40:00,150.98,0.9472,645.1,0
2024-02-11T23:50:00,151.29,0.936,762.4,1
2024-02-12T00:00:00,189.12,0.657,442.6,0
2024-02-12T00:10:00,181.2,1.8383,675.9,0
2024-02-12T00:20:00,121.14,1.8988,590.2,0
2024-02-12T00:30:00,147.29,1.8963,544.1,0
2024-02-12T00:40:00,169.04,1.1454,745.9,1
2024-02-12T00:50:00,161.32,2.103,718.9,0
2024-02-12T01:00:00,156.34,1.9534,429.4,0
2024-02-12T01:10:00,176.9,1.6036,701.5,0
2024-02-12T01:20:00,153.62,1.5216,689.4,0
2024-02-12T01:30:00,201.38,1.2754,557.7,0
2024-02-12T01:40:00,177.8,1.6961,546.5,0
2024-02-12T01:50:00,160.95,2.4086,470.9,1
2024-02-12T02:00:00,180.36,2.1689,596.2,0
2024-02-12T02:10:00,127.84,1.4719,612.3,0
2024-02-12T02:20:00,161.07,1.8693,709.7,1
2024-02-12T02:30:00,165.43,1.0493,656.9,0
2024-02-12T02:40:00,179.78,1.965,524.0,0
2024-02-12T02:50:00,122.97,1.1846,653.9,0
2024-02-12T03:00:00,157.56,1.9451,604.6,1
2024-02-12T03:10:00,165.07,3.0845,536.5,0
2024-02-12T03:20:00,168.67,1.315,471.0,1
2024-02-12T03:30:00,182.56,3.0614,692.5,1
2024-02-12T03:40:00,173.18,1.8453,674.6,0
2024-02-12T03:50:00,156.13,1.2252,685.7,1
2024-02-12T04:00:00,169.58,1.2023,557.2,0
2024-02-12T04:10:00,167.04,2.7825,647.1,1
2024-02-12T04:20:00,164.22,1.8465,492.5,0
2024-02-12T04:30:00,172.67,1.3169,531.3,0
2024-02-12T04:40:00,157.14,1.4983,633.4,0
2024-02-12T04:50:00,168.65,1.8154,656.2,0
2024-02-12T05:00:00,175.27,1.5956,467.1,1
2024-02-12T05:10:00,179.65,1.7729,524.2,1
2024-02-12T05:20:00,181.45,2.4868,593.5,1
2024-02-12T05:30:00,216.39,1.036,725.9,0
2024-02-12T05:40:00,187.2,1.9223,548.7,1
2024-02-12T05:50:00,170.46,1.5636,644.1,0
2024-02-12T06:00:00,180.51,1.3505,654.5,1
2024-02-12T06:10:00,166.76,2.1361,605.0,0
2024-02-12T06:20:00,183.14,0.8693,656.8,1
2024-02-12T06:30:00,192.09,0.4168,495.5,1
2024-02-12T06:40:00,132.45,1.7123,564.4,0
2024-02-12T06:50:00,187.45,1.5309,773.4,1
2024-02-12T07:00:00,194.35,0.9236,780.5,0
2024-02-12T07:10:00,172.36,0.7447,714.3,0
2024-02-12T07:20:00,175.59,2.5653,740.0,0
2024-02-12T07:30:00,156.11,1.8315,447.4,0
2024-02-12T07:40:00,160.72,1.6098,535.1,0
2024-02-12T07:50:00,173.31,2.6976,598.9,1
2024-02-12T08:00:00,170.25,2.111,871.6,0
2024-02-12T08:10:00,194.67,2.4846,598.7,0
2024-02-12T08:20:00,171.66,1.01,704.5,0
2024-02-12T08:30:00,178.32,0.9913,667.8,0
2024-02-12T08:40:00,172.82,1.9085,665.6,1
2024-02-12T08:50:00,143.68,1.8072,627.6,0
2024-02-12T09:00:00,172.85,2.2248,510.0,0
2024-02-12T09:10:00,198.55,0.7846,359.9,0
2024-02-12T09:20:00,156.91,1.9518,758.2,0
2024-02-12T09:30:00,203.38,2.0946,568.4,1
2024-02-12T09:40:00,144.83,2.0681,443.3,0
2024-02-12T09:50:00,161.03,1.3967,673.8,0
2024-02-12T10:00:00,163.96,1.8593,704.2,1
2024-02-12T10:10:00,199.75,1.2122,739.1,0
2024-02-12T10:20:00,204.07,1.4535,773.9,1
2024-02-12T10:30:00,180.45,1.0785,570.4,1
2024-02-12T10:40:00,187.48,1.2207,574.8,0
2024-02-12T10:50:00,222.71,1.4795,630.5,1
2024-02-12T11:00:00,174.55,1.3545,772.9,0
2024-02-12T11:10:00,189.51,1.2206,480.5,1
2024-02-12T11:20:00,189.25,0.9502,703.6,0
2024-02-12T11:30:00,158.31,2.5805,784.0,1
2024-02-12T11:40:00,175.72,1.3497,779.8,0
2024-02-12T11:50:00,218.11,1.765,761.6,1
2024-02-12T12:00:00,170.62,0.7205,818.1,1
2024-02-12T12:10:00,193.79,2.2788,437.1,0
2024-02-12T12:20:00,188.16,1.6836,873.2,0
2024-02-12T12:30:00,173.35,1.3781,744.9,0
2024-02-12T12:40:00,195.94,1.3824,845.3,1
2024-02-12T12:50:00,215.31,2.0347,594.4,1
2024-02-12T13:00:00,193.76,0.1235,547.7,0
2024-02-12T13:10:00,210.58,1.1879,901.7,1
2024-02-12T13:20:00,216.87,1.5405,630.4,1
2024-02-12T13:30:00,210.33,1.5347,692.0,1
2024-02-12T13:40:00,170.2,2.8527,775.8,0
2024-02-12T13:50:00,215.65,1.4312,800.4,1
2024-02-12T14:00:00,181.81,2.0951,830.9,1
2024-02-12T14:10:00,198.38,2.5058,745.4,1
2024-02-12T14:20:00,178.19,1.9353,617.6,0
2024-02-12T14:30:00,195.61,1.2631,793.7,0
2024-02-12T14:40:00,158.21,0.9578,795.3,0
2024-02-12T14:50:00,207.94,1.9727,541.6,1
2024-02-12T15:00:00,167.21,2.4225,853.7,0
2024-02-12T15:10:00,160.78,1.873,463.1,1
2024-02-12T15:20:00,177.46,2.2167,815.3,1
2024-02-12T15:30:00,141.67,2.896,648.4,0
2024-02-12T15:40:00,155.95,2.0187,782.4,0
2024-02-12T15:50:00,199.36,1.0497,762.9,0
2024-02-12T16:00:00,185.85,1.6255,687.0,0
2024-02-12T16:10:00,157.78,2.2851,735.9,0
2024-02-12T16:20:00,183.31,1.4756,682.1,0
2024-02-12T16:30:00,156.41,2.3529,762.1,0
2024-02-12T16:40:00,192.48,1.5665,909.3,1
2024-02-12T16:50:00,171.5,1.7672,556.6,0
2024-02-12T17:00:00,158.19,1.4246,343.5,0
2024-02-12T17:10:00,166.77,1.6798,620.8,0
2024-02-12T17:20:00,232.09,1.7062,613.9,1
2024-02-12T17:30:00,152.25,0.7957,624.6,0
2024-02-12T17:40:00,171.61,1.3792,569.7,0
2024-02-12T17:50:00,179.66,0.9834,749.6,0
2024-02-12T18:00:00,137.59,1.3964,491.9,0
2024-02-12T18:10:00,127.57,1.2024,675.1,1
2024-02-12T18:20:00,146.43,2.1059,693.8,0
2024-02-12T18:30:00,178.09,2.1117,661.6,0
2024-02-12T18:40:00,165.47,1.8801,678.7,1
2024-02-12T18:50:00,165.13,0.9662,724.9,0
2024-02-12T19:00:00,178.79,1.5509,635.4,0
2024-02-12T19:10:00,141.53,0.9264,595.4,0
2024-02-12T19:20:00,162.61,1.5264,678.6,0
2024-02-12T19:30:00,127.71,1.9237,690.0,0
2024-02-12T19:40:00,163.31,2.0961,719.0,1
2024-02-12T19:50:00,167.71,1.8364,458.8,0
2024-02-12T20:00:00,173.97,2.2292,611.6,0
2024-02-12T20:10:00,133.33,1.7299,523.5,1
2024-02-12T20:20:00,156.79,1.4832,686.1,0
2024-02-12T20:30:00,144.51,2.0368,702.7,1
2024-02-12T20:40:00,154.35,2.0532,602.6,0
2024-02-12T20:50:00,189.92,1.3379,557.1,0
2024-02-12T21:00:00,150.63,1.7895,689.7,0
2024-02-12T21:10:00,129.24,1.4528,616.7,0
2024-02-12T21:20:00,144.74,0.5957,772.6,1
2024-02-12T21:30:00,125.75,1.8201,807.3,1
2024-02-12T21:40:00,131.21,0.9527,730.1,0
2024-02-12T21:50:00,183.77,1.7641,653.3,0
2024-02-12T22:00:00,127.98,0.8323,812.6,0
2024-02-12T22:10:00,171.26,1.2402,654.1,0
2024-02-12T22:20:00,158.53,1.3832,582.1,0
2024-02-12T22:30:00,159.42,2.2009,562.5,1
2024-02-12T22:40:00,164.52,1.3332,559.6,0
2024-02-12T22:50:00,141.51,1.0625,629.4,0
2024-02-12T23:00:00,193.01,1.7822,676.3,0
2024-02-12T23:10:00,153.45,1.4915,488.5,1
2024-02-12T23:20:00,149.5,1.9953,585.1,0
2024-02-12T23:30:00,154.18,1.0941,651.3,0
2024-02-12T23:40:00,170.47,1.7054,694.4,1
2024-02-12T23:50:00,173.83,2.8348,627.4,1
2024-02-13T00:00:00,106.71,1.4804,654.5,0
2024-02-13T00:10:00,162.91,1.6934,506.1,1
2024-02-13T00:20:00,123.31,0.7695,538.8,1
2024-02-13T00:30:00,152.92,1.1735,623.9,0
2024-02-13T00:40:00,164.3,1.8299,681.1,0
2024-02-13T00:50:00,155.88,1.4351,653.1,1
2024-02-13T01:00:00,171.49,1.9072,545.1,1
2024-02-13T01:10:00,188.71,1.8125,606.3,0
2024-02-13T01:20:00,146.8,0.941,781.2,0
2024-02-13T01:30:00,176.94,2.1077,684.4,1
2024-02-13T01:40:00,155.36,0.9787,613.7,0
2024-02-13T01:50:00,125.81,1.2175,527.4,0
2024-02-13T02:00:00,155.78,1.7147,558.7,0
2024-02-13T02:10:00,185.4,2.3835,630.7,1
2024-02-13T02:20:00,131.05,1.0981,657.6,1
2024-02-13T02:30:00,149.73,1.6738,686.6,1
2024-02-13T02:40:00,145.91,1.678,668.8,0
2024-02-13T02:50:00,206.46,1.9287,593.0,1
2024-02-13T03:00:00,146.69,2.192,578.9,0
2024-02-13T03:10:00,153.37,1.398,834.7,1
2024-02-13T03:20:00,149.88,2.1059,574.4,1
2024-02-13T03:30:00,165.16,2.2652,500.8,1
2024-02-13T03:40:00,166.03,2.492,466.1,0
2024-02-13T03:50:00,138.33,1.851,594.7,0
2024-02-13T04:00:00,188.49,1.6787,724.0,0
2024-02-13T04:10:00,162.11,1.3627,572.4,1
2024-02-13T04:20:00,176.1,0.8705,777.8,0
2024-02-13T04:30:00,153.59,1.461,629.3,0
2024-02-13T04:40:00,166.87,1.6562,741.0,0
2024-02-13T04:50:00,153.73,1.5453,554.2,0
2024-02-13T05:00:00,212.03,1.8989,555.8,1
2024-02-13T05:10:00,165.28,0.8729,639.1,1
2024-02-13T05:20:00,167.93,1.509,678.3,1
2024-02-13T05:30:00,172.7,2.5974,612.1,1
2024-02-13T05:40:00,147.69,2.0978,659.2,0
2024-02-13T05:50:00,167.45,1.9081,688.8,0
2024-02-13T06:00:00,175.4,1.7953,487.9,0
2024-02-13T06:10:00,149.96,1.4173,595.9,0
2024-02-13T06:20:00,158.87,0.723,578.1,1
2024-02-13T06:30:00,159.86,1.8286,583.0,0
2024-02-13T06:40:00,167.94,0.3758,670.7,0
2024-02-13T06:50:00,123.68,1.4372,579.5,0
2024-02-13T07:00:00,140.07,1.5982,429.5,1
2024-02-13T07:10:00,128.95,1.3764,606.3,0
2024-02-13T07:20:00,167.17,2.6857,523.6,0
2024-02-13T07:30:00,159.18,2.5122,679.6,1
2024-02-13T07:40:00,151.93,2.1164,710.6,0
2024-02-13T07:50:00,139.92,1.1373,412.5,0
2024-02-13T08:00:00,152.51,2.5607,552.6,1
2024-02-13T08:10:00,137.97,1.9095,665.3,0
2024-02-13T08:20:00,175.93,1.129,489.1,0
2024-02-13T08:30:00,167.53,1.6164,708.3,1
2024-02-13T08:40:00,163.15,2.0793,734.9,0
2024-02-13T08:50:00,152.77,1.3006,613.8,0
2024-02-13T09:00:00,126.4,1.6703,552.6,0
2024-02-13T09:10:00,154.78,1.7582,398.9,1
2024-02-13T09:20:00,146.04,1.0496,711.4,1
2024-02-13T09:30:00,162.23,1.465,830.3,1
2024-02-13T09:40:00,174.32,1.0873,809.6,0
2024-02-13T09:50:00,162.62,2.0343,610.5,0
2024-02-13T10:00:00,194.94,1.146,553.1,0
2024-02-13T10:10:00,154.8,1.7459,746.1,0
2024-02-13T10:20:00,153.64,0.9049,649.6,1
2024-02-13T10:30:00,187.69,1.0333,710.1,0
2024-02-13T10:40:00,169.16,1.0091,692.6,0
2024-02-13T10:50:00,161.62,1.4552,671.6,0
2024-02-13T11:00:00,210.76,1.6902,793.6,0
2024-02-13T11:10:00,193.44,1.7824,797.3,0
2024-02-13T11:20:00,168.87,0.7139,638.5,1
2024-02-13T11:30:00,164.57,1.5157,598.4,0
2024-02-13T11:40:00,210.85,1.2247,440.8,0
2024-02-13T11:50:00,184.19,1.8671,656.1,0
2024-02-13T12:00:00,198.28,1.4662,602.5,0
2024-02-13T12:10:00,195.81,1.5596,753.8,0
2024-02-13T12:20:00,230.97,1.2275,678.3,1
2024-02-13T12:30:00,189.93,2.4623,689.1,1
2024-02-13T12:40:00,198.89,0.9582,793.0,0
2024-02-13T12:50:00,206.41,1.4001,751.6,0
2024-02-13T13:00:00,190.43,1.6538,711.4,0
2024-02-13T13:10:00,165.56,1.4743,891.7,0
2024-02-13T13:20:00,215.49,1.218,796.9,0
2024-02-13T13:30:00,180.91,0.6942,681.5,0
2024-02-13T13:40:00,192.48,1.2542,685.9,1
2024-02-13T13:50:00,152.42,1.1203,801.9,0
2024-02-13T14:00:00,177.58,2.4396,743.3,0
2024-02-13T14:10:00,171.6,2.7323,610.9,0
2024-02-13T14:20:00,189.07,1.5746,812.5,0
2024-02-13T14:30:00,188.85,0.8976,848.8,0
2024-02-13T14:40:00,166.6,1.969,841.2,0
2024-02-13T14:50:00,185.47,1.1095,877.3,0
2024-02-13T15:00:00,217.66,1.3254,918.8,1
2024-02-13T15:10:00,154.88,1.2856,884.8,0
2024-02-13T15:20:00,159.58,1.3497,745.9,1
2024-02-13T15:30:00,194.53,1.4226,691.0,1
2024-02-13T15:40:00,181.04,0.9432,528.9,0
2024-02-13T15:50:00,185.36,1.249,712.9,0
2024-02-13T16:00:00,199.75,2.11,742.7,0
2024-02-13T16:10:00,172.09,1.5832,695.1,0
2024-02-13T16:20:00,172.9,1.6627,501.9,0
2024-02-13T16:30:00,160.42,0.4839,662.1,1
2024-02-13T16:40:00,182.22,2.0739,755.3,0
2024-02-13T16:50:00,218.46,1.2572,588.2,1
2024-02-13T17:00:00,130.8,2.162,678.9,1
2024-02-13T17:10:00,150.71,1.6771,705.5,0
2024-02-13T17:20:00,138.07,1.319,774.1,0
2024-02-13T17:30:00,211.03,0.7611,833.6,0
2024-02-13T17:40:00,156.01,2.6874,624.5,0
2024-02-13T17:50:00,160.99,2.0016,680.7,0
2024-02-13T18:00:00,125.72,2.0315,651.5,0
2024-02-13T18:10:00,156.61,2.5094,694.9,1
2024-02-13T18:20:00,177.74,1.712,683.7,0
2024-02-13T18:30:00,166.13,2.2762,772.5,0
2024-02-13T18:40:00,167.64,1.3607,396.9,0
2024-02-13T18:50:00,125.86,1.9688,671.8,0
2024-02-13T19:00:00,152.01,1.285,678.7,0
2024-02-13T19:10:00,163.67,1.3481,606.5,0
2024-02-13T19:20:00,141.77,1.6485,403.6,0
2024-02-13T19:30:00,171.13,0.9663,623.9,0
2024-02-13T19:40:00,177.71,1.7647,558.9,0
2024-02-13T19:50:00,156.23,1.444,797.8,0
2024-02-13T20:00:00,240.07,0.6062,667.5,1
2024-02-13T20:10:00,153.92,1.3712,550.5,0
2024-02-13T20:20:00,204.06,1.4275,424.7,1
2024-02-13T20:30:00,199.26,2.0264,689.1,1
2024-02-13T20:40:00,139.18,1.7426,699.6,0
2024-02-13T20:50:00,180.46,2.3237,608.4,0
2024-02-13T21:00:00,193.77,1.8601,690.4,1
2024-02-13T21:10:00,185.52,1.323,595.2,0
2024-02-13T21:20:00,167.68,1.5708,736.7,0
2024-02-13T21:30:00,145.48,1.426,729.3,0
2024-02-13T21:40:00,154.76,1.844,466.1,1
2024-02-13T21:50:00,156.23,1.6299,490.5,0
2024-02-13T22:00:00,153.7,1.2857,833.1,0
2024-02-13T22:10:00,183.68,1.6043,723.2,0
2024-02-13T22:20:00,143.33,1.8306,503.8,0
2024-02-13T22:30:00,138.26,1.0968,473.0,0
2024-02-13T22:40:00,170.56,1.7585,650.8,1
2024-02-13T22:50:00,170.68,0.8107,515.8,0
2024-02-13T23:00:00,143.71,2.1528,598.3,0
2024-02-13T23:10:00,193.67,1.8636,625.3,1
2024-02-13T23:20:00,184.49,2.4146,621.0,1
2024-02-13T23:30:00,160.7,1.0417,742.7,0
2024-02-13T23:40:00,152.36,2.1667,813.5,0
2024-02-13T23:50:00,182.33,2.0679,582.1,0
